domain,saas count,pagerank,emails on homepage,ranking for,emails elsewhere
domain,saas count,pagerank,emails on homepage,ranking for,emails elsewhere
domain,saas count,pagerank,emails on homepage,ranking for,emails elsewhere
domain,saas count,pagerank,emails on homepage,ranking for,emails elsewhere
domain,saas count,pagerank,emails on homepage,ranking for,emails elsewhere
domain,saas count,pagerank,emails on homepage,ranking for,emails elsewhere
domain,saas count,pagerank,emails on homepage,ranking for,emails elsewhere
domain,saas count,pagerank,emails on homepage,ranking for,emails elsewhere
domain,saas count,pagerank,emails on homepage,ranking for,emails elsewhere
domain,saas count,pagerank,emails on homepage,ranking for,emails elsewhere
domain,saas count,pagerank,emails on homepage,ranking for,emails elsewhere
domain,saas count,pagerank,emails on homepage,ranking for,emails elsewhere
